{
  "hermitian": true,
  "ground_energy": 1.6446138778067283,
  "first_gap": 4.930000561504829,
  "N": 64,
  "L": 1.0,
  "m_eff": 3.0
}