{
  "regimes": {
    "coarse_0p02": 0.29833333333333334,
    "coarse_0p01": 0.9316666666666666
  },
  "safe_region": {
    "amax": 0.0075,
    "bmax": 0.0075,
    "cmax": 0.0075,
    "emax": 0.0075,
    "pass_fraction": 1.0
  }
}