{
  "params": {
    "steps": 20000,
    "dt": 0.01,
    "Phi0": 1e-08,
    "dp0": 0.1,
    "a": 1e-09,
    "b": 1.0000000000000313,
    "dM": 6.907755278982137,
    "alpha": 0.9,
    "B0": 1.0,
    "freqs": [
      0.0027378507871321013,
      0.0002308088233596994,
      9.294544102611767e-05
    ],
    "k_phi": 0.002,
    "k_dp": 0.002,
    "noise": 0.0,
    "seed": 42
  },
  "gamma": {
    "mean": -53801.4690601455,
    "std": 121272.25937282306,
    "min": -467417.3288789676,
    "max": 0.9999687799906934
  },
  "beta": {
    "mean": 1.0000538082353279,
    "std": 0.00012125953289321388,
    "min": 1.0000000000000313,
    "max": 1.0004672002025266
  },
  "gamma_last10": {
    "mean": 0.999968751014684,
    "std": 1.853279381099541e-08,
    "min": 0.9999687219201371,
    "max": 0.9999687799906934
  },
  "beta_last10": {
    "mean": 1.0000000000000315,
    "std": 2.220446049250313e-16,
    "min": 1.0000000000000313,
    "max": 1.0000000000000313
  },
  "series_tail": {
    "gamma": [
      0.9999680963453087,
      0.9999681037535785,
      0.9999681111513754,
      0.999968118538706,
      0.9999681259155775,
      0.9999681332819963,
      0.9999681406379693,
      0.9999681479835033,
      0.9999681553186052,
      0.9999681626432814,
      0.9999681699575389,
      0.9999681772613843,
      0.9999681845548245,
      0.999968191837866,
      0.9999681991105155,
      0.9999682063727798,
      0.9999682136246656,
      0.9999682208661795,
      0.9999682280973281,
      0.9999682353181182,
      0.9999682425285563,
      0.9999682497286492,
      0.9999682569184033,
      0.9999682640978252,
      0.9999682712669218,
      0.9999682784256995,
      0.9999682855741647,
      0.9999682927123243,
      0.9999682998401846,
      0.9999683069577524,
      0.9999683140650341,
      0.9999683211620362,
      0.9999683282487652,
      0.9999683353252278,
      0.9999683423914303,
      0.9999683494473793,
      0.9999683564930812,
      0.9999683635285427,
      0.99996837055377,
      0.9999683775687696,
      0.9999683845735481,
      0.9999683915681117,
      0.9999683985524671,
      0.9999684055266205,
      0.9999684124905784,
      0.9999684194443472,
      0.9999684263879334,
      0.9999684333213431,
      0.9999684402445829,
      0.999968447157659,
      0.9999684540605779,
      0.9999684609533459,
      0.9999684678359693,
      0.9999684747084544,
      0.9999684815708076,
      0.9999684884230352,
      0.9999684952651434,
      0.9999685020971385,
      0.9999685089190269,
      0.9999685157308147,
      0.9999685225325082,
      0.9999685293241137,
      0.9999685361056375,
      0.9999685428770857,
      0.9999685496384646,
      0.9999685563897803,
      0.9999685631310392,
      0.9999685698622474,
      0.9999685765834109,
      0.9999685832945361,
      0.9999685899956291,
      0.999968596686696,
      0.9999686033677431,
      0.9999686100387764,
      0.999968616699802,
      0.999968623350826,
      0.9999686299918548,
      0.9999686366228941,
      0.9999686432439503,
      0.9999686498550293,
      0.9999686564561373,
      0.9999686630472803,
      0.9999686696284642,
      0.9999686761996953,
      0.9999686827609795,
      0.9999686893123229,
      0.9999686958537313,
      0.999968702385211,
      0.9999687089067679,
      0.9999687154184079,
      0.9999687219201371,
      0.9999687284119614,
      0.9999687348938867,
      0.9999687413659192,
      0.9999687478280646,
      0.9999687542803288,
      0.9999687607227179,
      0.9999687671552379,
      0.9999687735778944,
      0.9999687799906934
    ],
    "beta": [
      1.000000000000032,
      1.000000000000032,
      1.000000000000032,
      1.000000000000032,
      1.000000000000032,
      1.000000000000032,
      1.0000000000000318,
      1.0000000000000318,
      1.0000000000000318,
      1.0000000000000318,
      1.0000000000000318,
      1.0000000000000318,
      1.0000000000000318,
      1.0000000000000318,
      1.0000000000000318,
      1.0000000000000318,
      1.0000000000000318,
      1.0000000000000318,
      1.0000000000000318,
      1.0000000000000318,
      1.0000000000000318,
      1.0000000000000318,
      1.0000000000000318,
      1.0000000000000318,
      1.0000000000000318,
      1.0000000000000318,
      1.0000000000000318,
      1.0000000000000318,
      1.0000000000000318,
      1.0000000000000318,
      1.0000000000000318,
      1.0000000000000318,
      1.0000000000000318,
      1.0000000000000318,
      1.0000000000000318,
      1.0000000000000318,
      1.0000000000000318,
      1.0000000000000315,
      1.0000000000000315,
      1.0000000000000315,
      1.0000000000000315,
      1.0000000000000315,
      1.0000000000000315,
      1.0000000000000315,
      1.0000000000000315,
      1.0000000000000315,
      1.0000000000000315,
      1.0000000000000315,
      1.0000000000000315,
      1.0000000000000315,
      1.0000000000000315,
      1.0000000000000315,
      1.0000000000000315,
      1.0000000000000315,
      1.0000000000000315,
      1.0000000000000315,
      1.0000000000000315,
      1.0000000000000315,
      1.0000000000000315,
      1.0000000000000315,
      1.0000000000000315,
      1.0000000000000315,
      1.0000000000000315,
      1.0000000000000315,
      1.0000000000000315,
      1.0000000000000315,
      1.0000000000000315,
      1.0000000000000315,
      1.0000000000000315,
      1.0000000000000313,
      1.0000000000000313,
      1.0000000000000313,
      1.0000000000000313,
      1.0000000000000313,
      1.0000000000000313,
      1.0000000000000313,
      1.0000000000000313,
      1.0000000000000313,
      1.0000000000000313,
      1.0000000000000313,
      1.0000000000000313,
      1.0000000000000313,
      1.0000000000000313,
      1.0000000000000313,
      1.0000000000000313,
      1.0000000000000313,
      1.0000000000000313,
      1.0000000000000313,
      1.0000000000000313,
      1.0000000000000313,
      1.0000000000000313,
      1.0000000000000313,
      1.0000000000000313,
      1.0000000000000313,
      1.0000000000000313,
      1.0000000000000313,
      1.0000000000000313,
      1.0000000000000313,
      1.0000000000000313,
      1.0000000000000313
    ]
  }
}