{
  "beta_0_ufrf": 0.21220659078919374,
  "beta_0_qed": 0.2122065907891938,
  "scale_separation_dM": 6.907755278982137,
  "difference": -5.551115123125783e-17,
  "timestamp": "2025-10-23 01:54:53"
}