{
  "b0_numeric": 0.21220659078919377,
  "b0_analytic": 0.2122065907891938,
  "rel_error": 1.1102230246251565e-16,
  "omega": 78.49791055053134,
  "check_period": 6.283185307179585
}