{
  "tight": {
    "bounds": {
      "a": 0.005,
      "b": 0.005,
      "c": 0.005
    },
    "background_scale": 0.005,
    "max_abs_gamma_minus_1": 2.4292035516459975e-07,
    "max_abs_beta_minus_1": 1.2364460189040472e-07,
    "example": {
      "a": -0.003117023506728901,
      "b": 0.0022320988047294524,
      "c": 0.0018204918973985073,
      "gamma": 1.0000000102901732,
      "beta": 0.9999999837933549
    }
  },
  "moderate": {
    "bounds": {
      "a": 0.01,
      "b": 0.01,
      "c": 0.01
    },
    "background_scale": 0.01,
    "max_abs_gamma_minus_1": 1.96474691338544e-06,
    "max_abs_beta_minus_1": 9.666052520618251e-07,
    "example": {
      "a": 0.008340304698691516,
      "b": -0.004154834928884968,
      "c": 0.008067353176400765,
      "gamma": 0.999998777783195,
      "beta": 1.0000008203828938
    }
  }
}