{"beta_coeff": 0.2122065907891938, "beta_alpha0.01": 2.122065907891938e-05}
